Nom,Carpeta,GB
Bajo la arena.mkv,/Volumes/INTENSO/Movies,4.5888653790000005
Bar Bahar. Entre dos mundos.mkv,/Volumes/INTENSO/Movies,4.309532335
Billy Lynns.mkv,/Volumes/INTENSO/Movies,4.853419024
Casi leyendas.mkv,/Volumes/INTENSO/Movies,2.9969057030000004
Certain Women Vidas de mujer.mkv,/Volumes/INTENSO/Movies,4.883501306
Colossal.mkv,/Volumes/INTENSO/Movies,3.607948082
Dejame.salir.BRS.mkv,/Volumes/INTENSO/Movies,3.8233661000000003
El Fundador.mkv,/Volumes/INTENSO/Movies,5.2421592530000005
El guardian invisible.mkv,/Volumes/INTENSO/Movies,5.321188568
El imperio de las sombras.mkv,/Volumes/INTENSO/Movies,5.734661141
El ultimo beso del Kaiser.mkv,/Volumes/INTENSO/Movies,4.410975177
El viajante.mkv,/Volumes/INTENSO/Movies,5.1854236270000005
Elvis Nixon.mkv,/Volumes/INTENSO/Movies,3.937375888
Fast & Furious 8 BRScreener.mkv,/Volumes/INTENSO/Movies,4.813859128000001
Fences.mkv,/Volumes/INTENSO/Movies,6.0074824520000005
Gold.mkv,/Volumes/INTENSO/Movies,4.869263407
Hasta los huesos.mkv,/Volumes/INTENSO/Movies,4.649891709
Headshot.mkv,/Volumes/INTENSO/Movies,4.819106293
Historia de una pasion.mkv,/Volumes/INTENSO/Movies,5.251179593000001
I Am Not A Serial Killer.mkv,/Volumes/INTENSO/Movies,4.843263061
Infierno Mortal.mkv,/Volumes/INTENSO/Movies,2.3156507310000003
Kong La isla calavera.mkv,/Volumes/INTENSO/Movies,5.0675447
Kung Fu Yoga.mkv,/Volumes/INTENSO/Movies,4.736466483
La Bella y la Bestia.mkv,/Volumes/INTENSO/Movies,5.146190143
La negociadora.mkv,/Volumes/INTENSO/Movies,2.559829221
Lago Shimmer.mkv,/Volumes/INTENSO/Movies,3.842505097
Logan.mkv,/Volumes/INTENSO/Movies,6.565472087000001
Manual de un tacanio.mkv,/Volumes/INTENSO/Movies,5.092189162
Melanie. The Girl With All the Gifts.mkv,/Volumes/INTENSO/Movies,4.997263267
Moonlight.mkv,/Volumes/INTENSO/Movies,5.8192170270000005
Máquina de guerra.mkv,/Volumes/INTENSO/Movies,5.154184005
Objetivo Bin Laden.mkv,/Volumes/INTENSO/Movies,4.701940865
Okja BDRip.mkv,/Volumes/INTENSO/Movies,4.912398328
Sueno lucido.mkv,/Volumes/INTENSO/Movies,4.120909098
T2 Trainspotting 2017.mkv,/Volumes/INTENSO/Movies,6.008555777000001
The Wizard of Lies.mkv,/Volumes/INTENSO/Movies,5.346910442
Trainspotting.mkv,/Volumes/INTENSO/Movies,4.11231263
Un hombre llamado Ove.mkv,/Volumes/INTENSO/Movies,4.71382077
Una historia de venganza.mkv,/Volumes/INTENSO/Movies,4.420619669000001
Vikingos.mkv,/Volumes/INTENSO/Movies,5.897588209
Vivir de noche.mkv,/Volumes/INTENSO/Movies,5.056633079
xXx Reactivado.mkv,/Volumes/INTENSO/Movies,5.031599558
Yo no soy Madame Bovary.mkv,/Volumes/INTENSO/Movies,5.275709656
Arrasando el campo de batalla m720p www.DESCARGASMIX.com.mkv,/Volumes/INTENSO/Movies/Movies tmp,2.826896339
Crudo m1080p www.DESCARGASMIX.com.mkv,/Volumes/INTENSO/Movies/Movies tmp,4.353841983000001
El Bar m1080p www.DESCARGASMIX.com.mkv,/Volumes/INTENSO/Movies/Movies tmp,5.447816222
El circulo m1080p www.DESCARGASMIX.com.mkv,/Volumes/INTENSO/Movies/Movies tmp,6.4842074400000005
Fabricated City m1080p www.DESCARGASMIX.com.mkv,/Volumes/INTENSO/Movies/Movies tmp,5.224941525
Ghost in the Shell El alma de la maquina m1080p v2 www.DESCARGASMIX.com.mkv,/Volumes/INTENSO/Movies/Movies tmp,5.143982928000001
Handsome Devil m1080p AC3 5.1 By www.DESCARGASMIX.com.mkv,/Volumes/INTENSO/Movies/Movies tmp,3.881291639
Indignacion m1080p www.DESCARGASMIX.com.mkv,/Volumes/INTENSO/Movies/Movies tmp,5.365498485000001
La estación de las mujeres m1080p www.DESCARGASMIX.com.mkv,/Volumes/INTENSO/Movies/Movies tmp,5.171068423
Mariposa.negra.m1080p.www.DESCARGASMIX.com.mkv,/Volumes/INTENSO/Movies/Movies tmp,4.3528884880000005
Mañana empieza todo m1080p www.DESCARGASMIX.com.mkv,/Volumes/INTENSO/Movies/Movies tmp,5.1255560000000004
Swallows and Amazons m1080p www.DESCARGASMIX.com.mkv,/Volumes/INTENSO/Movies/Movies tmp,4.867389312
Adicto.m1080p.www.DESCARGASMIX.com.mkv,/Volumes/INTENSO/Movies/Movies tmp2,3.971012705
Barry Seal El traficante m1080p www.DESCARGASMIX.com.mkv,/Volumes/INTENSO/Movies/Movies tmp2,5.154213079000001
Day.of.the.mummy.m1080p.www.DESCARGASMIX.com.mkv,/Volumes/INTENSO/Movies/Movies tmp2,4.061643838
Despertando a Zodiac m1080p www.DESCARGASMIX.com.mkv,/Volumes/INTENSO/Movies/Movies tmp2,4.094208486
Dinero 2016 m1080p www.DESCARGASMIX.com.mkv,/Volumes/INTENSO/Movies/Movies tmp2,4.244926175000001
El gran colapso m1080p www.DESCARGASMIX.com.mkv,/Volumes/INTENSO/Movies/Movies tmp2,3.6077757270000004
El juego de Gerald m1080p www.DESCARGASMIX.com.mkv,/Volumes/INTENSO/Movies/Movies tmp2,4.973420583
El otro lado de la esperanza m1080p www.DESCARGASMIX.com.mkv,/Volumes/INTENSO/Movies/Movies tmp2,4.572956420000001
El Ultimo virrey de la India m1080p www.DESCARGASMIX.com.mkv,/Volumes/INTENSO/Movies/Movies tmp2,5.0915043650000005
Guardian y Verdugo m1080p www.DESCARGASMIX.com.mkv,/Volumes/INTENSO/Movies/Movies tmp2,4.955356605
Incierta.gloria.m1080p.www.DESCARGASMIX.com.mkv,/Volumes/INTENSO/Movies/Movies tmp2,4.899047937000001
La noche del virgen m1080p www.DESCARGASMIX.com.mkv,/Volumes/INTENSO/Movies/Movies tmp2,4.504640839
Lady Macbeth m1080p www.DESCARGASMIX.com.mkv,/Volumes/INTENSO/Movies/Movies tmp2,4.934653547
Lucky Luke 2009 m720p www.DESCARGASMIX.com.mkv,/Volumes/INTENSO/Movies/Movies tmp2,2.910487391
Marie Curie El valor del conocimiento m1080p BY www.DESCARGASMIX.com.mkv,/Volumes/INTENSO/Movies/Movies tmp2,5.241646198000001
Mudbound.m1080p.www.DESCARGASMIX.com.mkv,/Volumes/INTENSO/Movies/Movies tmp2,5.230089137
Piratas del Caribe 5 La venganza de Salazar m1080p www.DESCARGASMIX.com.mkv,/Volumes/INTENSO/Movies/Movies tmp2,5.153441716000001
Prevenge m720p www.DESCARGASMIX.com.mkv,/Volumes/INTENSO/Movies/Movies tmp2,2.8335996050000003
Spider-Man Homecoming BRScreener 1080p By www.DESCARGASMIX.com.mkv,/Volumes/INTENSO/Movies/Movies tmp2,4.783744943
Stefan.Zweig.m1080p.www.DESCARGASMIX.com.mkv,/Volumes/INTENSO/Movies/Movies tmp2,5.020956249
Su mejor historia m1080p www.DESCARGASMIX.com.mkv,/Volumes/INTENSO/Movies/Movies tmp2,4.986600392000001
The.House.1080p.www.DESCARGASMIX.com.mkv,/Volumes/INTENSO/Movies/Movies tmp2,9.527928954
Un.principe.de.navidad.m1080p.www.DESCARGASMIX.com.mkv,/Volumes/INTENSO/Movies/Movies tmp2,3.9526662210000003
Wonder Woman m1080p www.DESCARGASMIX.com.mkv,/Volumes/INTENSO/Movies/Movies tmp2,5.241391179000001
1x05.avi,/Volumes/INTENSO/Movies/Movies tmp2/juego de tronos 1a temp,0.576727043
1x07.avi,/Volumes/INTENSO/Movies/Movies tmp2/juego de tronos 1a temp,0.7401451520000001
JDT.1x02.m720p.DESCARGASMIX.mkv,/Volumes/INTENSO/Movies/Movies tmp2/juego de tronos 1a temp,0.7981085760000001
JDT.1x03.m720p.DESCARGASMIX.mkv,/Volumes/INTENSO/Movies/Movies tmp2/juego de tronos 1a temp,0.7698991940000001
JDT.1x04.m720p.DESCARGASMIX.mkv,/Volumes/INTENSO/Movies/Movies tmp2/juego de tronos 1a temp,0.720181284
JDT.1x06.m720p.DESCARGASMIX.mkv,/Volumes/INTENSO/Movies/Movies tmp2/juego de tronos 1a temp,0.6770973490000001
Narcos.1x01.Descenso.m720p.DescargasMix.mkv,/Volumes/INTENSO/Movies/Movies tmp2/NARCOS/TEMPORADA 1,0.8502856740000001
Narcos.1x02.La.Espada.de.SImon.Bolivar.m720p.DescargasMix.mkv,/Volumes/INTENSO/Movies/Movies tmp2/NARCOS/TEMPORADA 1,0.68993207
Narcos.1x03.Los.hombres.de.siempre.m720p.DescargasMix.mkv,/Volumes/INTENSO/Movies/Movies tmp2/NARCOS/TEMPORADA 1,0.6889350620000001
Narcos.1x04.El.palacio.en.llamas.m720p.DescargasMix.mkv,/Volumes/INTENSO/Movies/Movies tmp2/NARCOS/TEMPORADA 1,0.648440745
Narcos.1x05.Habra.un.futuro.m720p.DescargasMix.mkv,/Volumes/INTENSO/Movies/Movies tmp2/NARCOS/TEMPORADA 1,0.810882897
Narcos.1x06.Explosivos.m720p.DescargasMix.mkv,/Volumes/INTENSO/Movies/Movies tmp2/NARCOS/TEMPORADA 1,0.7339310410000001
Narcos.1x07.Lloraras.lagrimas.de.sangre.m720p.DescargasMix.mkv,/Volumes/INTENSO/Movies/Movies tmp2/NARCOS/TEMPORADA 1,0.752712012
Narcos.1x08.La.Gran.Mentira.m720p.DescargasMix.mkv,/Volumes/INTENSO/Movies/Movies tmp2/NARCOS/TEMPORADA 1,0.758230877
Narcos.1x09.La.Catedral.m720p.DescargasMix.mkv,/Volumes/INTENSO/Movies/Movies tmp2/NARCOS/TEMPORADA 1,0.7580428410000001
Narcos.1x10.Despegue.m720p.DescargasMix.mkv,/Volumes/INTENSO/Movies/Movies tmp2/NARCOS/TEMPORADA 1,0.6681140130000001
Narcos.2x01.m720p.v2.www.DESCARGASMIX.com.mkv,/Volumes/INTENSO/Movies/Movies tmp2/NARCOS/TEMPORADA 2,0.8642747040000001
Narcos.2x02.m720p.www.DESCARGASMIX.com.mkv,/Volumes/INTENSO/Movies/Movies tmp2/NARCOS/TEMPORADA 2,0.7610042300000001
Narcos.2x03.m720p.www.DESCARGASMIX.com.mkv,/Volumes/INTENSO/Movies/Movies tmp2/NARCOS/TEMPORADA 2,0.755923462
Narcos.2x04.m720p.www.DESCARGASMIX.com.mkv,/Volumes/INTENSO/Movies/Movies tmp2/NARCOS/TEMPORADA 2,0.9179792670000001
Narcos.2x05.m720p.www.DESCARGASMIX.com.mkv,/Volumes/INTENSO/Movies/Movies tmp2/NARCOS/TEMPORADA 2,0.8471003570000001
Narcos.2x06.m720p.www.DESCARGASMIX.com.mkv,/Volumes/INTENSO/Movies/Movies tmp2/NARCOS/TEMPORADA 2,0.8807037120000001
Narcos.2x07.m720p.www.DESCARGASMIX.com.mkv,/Volumes/INTENSO/Movies/Movies tmp2/NARCOS/TEMPORADA 2,0.917509211
Narcos.2x08.m720p.www.DESCARGASMIX.com.mkv,/Volumes/INTENSO/Movies/Movies tmp2/NARCOS/TEMPORADA 2,0.884991285
Narcos.2x09.m720p.www.DESCARGASMIX.com.mkv,/Volumes/INTENSO/Movies/Movies tmp2/NARCOS/TEMPORADA 2,0.924434277
Narcos.2x10.m720p.www.DESCARGASMIX.com.mkv,/Volumes/INTENSO/Movies/Movies tmp2/NARCOS/TEMPORADA 2,0.8605501720000001
Narcos.3x01.m720p.www.DESCARGASMIX.com.mkv,/Volumes/INTENSO/Movies/Movies tmp2/NARCOS/TEMPORADA 3,0.936190293
Narcos.3x02.m720p.www.DESCARGASMIX.com.mkv,/Volumes/INTENSO/Movies/Movies tmp2/NARCOS/TEMPORADA 3,0.8928200500000001
Narcos.3x03.m720p.www.DESCARGASMIX.com.mkv,/Volumes/INTENSO/Movies/Movies tmp2/NARCOS/TEMPORADA 3,1.062524862
Narcos.3x04.m720p.www.DESCARGASMIX.com.mkv,/Volumes/INTENSO/Movies/Movies tmp2/NARCOS/TEMPORADA 3,0.9508357940000001
Narcos.3x05.m720p.www.DESCARGASMIX.com.mkv,/Volumes/INTENSO/Movies/Movies tmp2/NARCOS/TEMPORADA 3,1.094274672
Narcos.3x06.m720p.www.DESCARGASMIX.com.mkv,/Volumes/INTENSO/Movies/Movies tmp2/NARCOS/TEMPORADA 3,1.032173091
Narcos.3x07.m720p.www.DESCARGASMIX.com.mkv,/Volumes/INTENSO/Movies/Movies tmp2/NARCOS/TEMPORADA 3,0.9070815940000001
Narcos.3x08.m720p.www.DESCARGASMIX.com.mkv,/Volumes/INTENSO/Movies/Movies tmp2/NARCOS/TEMPORADA 3,0.929424066
Narcos.3x09.m720p.www.DESCARGASMIX.com.mkv,/Volumes/INTENSO/Movies/Movies tmp2/NARCOS/TEMPORADA 3,0.845373589
Narcos.3x10.m720p.www.DESCARGASMIX.com.mkv,/Volumes/INTENSO/Movies/Movies tmp2/NARCOS/TEMPORADA 3,0.929588892
